previous_gpa,attendance,study_hours,interest,difficulty,subject_type,final_grade
9.61886380030573,3.8186712344252443,6.510288995776809,1.5036521988310825,7.500295087930159,1,6.54
8.778717564275532,9.546485309371096,9.975811163063128,6.132156437893448,5.170793547295329,1,8.95
4.411051795544639,3.776369220137423,3.579890767662868,2.969146828636136,7.718712067381163,0,4.33
8.384375798207603,9.758478834288788,4.264404824238008,3.9343661387867357,4.305560346597669,1,6.47
8.02570788781215,8.183012187132977,2.2729228729760225,2.787561343352914,4.089370557176364,0,5.47
8.596087484195186,9.764745738316238,2.2738663709181113,1.6934168196521142,8.297695344418674,1,6.27
5.878408832331083,6.460537372088123,9.028072427002794,6.843753167845809,8.346183290076127,0,7.25
7.116644254102143,7.1977582465596015,6.974155866150649,9.00977565032957,8.521133383156341,0,7.4
8.652912304566609,9.331880231373152,2.1976689710047417,3.778029154480045,9.241454548236991,0,5.58
6.838103876865752,9.920337951296535,2.32588870123248,9.800051142636594,9.444680595982152,0,6.81
7.227362141055442,4.478298458952325,6.65674928476779,2.266222379803987,5.599572755272423,0,5.55
7.265558856406816,7.635452247187644,8.833808681663047,8.544653885005674,6.254976920501218,1,8.2
4.923650894610087,8.05053833849122,9.174781683011819,3.6547310560359065,7.581740840640657,1,7.0
7.324090469348709,6.336703976387272,8.545713534509472,9.418685006932655,6.625377818036203,1,8.3
6.749950450304512,8.947644893008023,3.6375779422410144,9.109570529806685,5.8362340850199885,0,6.19
9.01640342673062,7.422463477218847,5.04217989990412,9.250146016965655,7.469436474784525,1,7.16
8.499581420636513,9.511289925118646,7.556606310068742,2.5538464760734523,4.290083420764562,0,7.51
8.7033154612907,3.348100111884653,2.1902630428662127,4.818762218879048,7.4821695890989615,1,5.9
5.95211723532543,8.68700272968455,9.925757790567857,9.79113778356905,4.254986725613316,0,8.2
6.222408976405569,3.7426292279269893,3.163444514088715,3.896816115869251,6.461149387621436,1,4.59
9.521220343327961,7.720862949300794,8.145559735443028,6.148217118879802,5.2673181013870485,1,8.64
5.789761339381702,3.5524153835954286,9.3416009328575,6.372230388697914,7.3612659994954965,1,6.52
5.371648006353941,5.565600026390839,4.482275545842501,6.449401903439231,3.8136393836787716,0,5.13
4.448665318654762,5.848838829780419,4.667420170044217,6.511291898126856,9.652619786363946,1,5.94
4.605861876273688,9.096349155728653,7.349586902111814,6.892068971269524,6.148263516896937,0,6.98
9.436400209028161,4.118335386691237,6.791995414206408,1.77876897146102,4.482895876875762,1,6.44
4.544385058392658,4.772974210473366,7.204229486937975,2.6882669173945692,5.240932251114536,0,4.33
4.2999082204344035,4.542729298203247,9.550128141145754,4.283587679247923,3.5734201352537704,1,6.12
8.406970886603993,7.182485045961887,6.047943740281749,7.182514161659524,3.545184208427917,0,8.12
4.66844927743486,4.854516952641408,6.949613496474515,3.4336821174603074,9.500228618012299,0,5.32
8.945376026148471,4.668279821770627,6.592123313358435,8.141972390762461,7.605700027951825,0,7.85
5.2821086786335005,5.456108009905692,8.660468008376949,2.665826133958385,4.126438306056792,1,5.85
6.704680724333457,7.440672759736828,7.957754093040503,5.205426073268086,5.542403109588042,0,6.66
8.373358903560565,4.549369222821785,5.521324018434997,8.033399647489574,4.544006074425668,0,6.82
5.470102865891043,6.2141040508323035,2.158262605028141,9.58413370180784,5.140453871481343,0,6.07
6.641951282855977,3.037245303230141,9.768039473752948,4.128905621091912,6.804863846115444,1,6.11
9.531504120685494,7.598023805333303,7.7803486101161825,8.183622856130114,8.77147912361011,0,8.64
6.503817303117357,9.758728863376177,4.889054590614471,4.5055273702516,6.420927282631228,0,6.18
4.0988728266016246,5.975774048013592,8.321200946514631,3.290322382337419,8.858752662231009,1,5.77
8.487941979562901,3.8615288722300645,6.642166076730253,4.2637386014360885,8.062397237566334,1,5.63
8.484117502977156,6.441544549873749,3.7083128485752983,3.307631586090532,3.6069019677519787,0,6.06
8.022929635836217,3.5077860160359515,8.553818572575597,6.063266307753191,7.931185612131404,1,7.23
5.800523044382564,8.209512222863669,4.704075932376039,6.290470649770371,4.927543716825381,1,7.16
5.183811108631853,8.575220574951441,2.3771504526721685,1.2884598138240158,4.790591155670007,1,4.36
5.84479377009483,4.837723990905767,3.5231860582605954,7.398987370985331,6.854316944877413,0,4.62
4.103160613419215,4.464237836230804,8.370114381912071,2.3009534163114425,7.439645997855762,1,4.84
7.997669136978769,9.474639950507871,4.635674888872295,1.2289385257504486,6.830817180175949,1,6.38
9.413490368754456,4.6651049923401064,7.620665118219548,8.58792281072154,9.471944847150361,0,8.15
6.4696170206054,9.783761563049039,9.180811593723089,2.0632441579063894,8.996985373740841,0,6.73
8.581521725056454,4.634503954910544,6.837564603492755,6.983802109514562,7.934274874384387,1,7.43
9.696154467249837,7.239486429716657,4.32986155147702,4.881580361357269,3.295621068900192,1,7.29
4.908485050606286,9.29768936830921,2.6495232145700287,6.728859910853778,9.821818140793491,1,5.03
4.65723913032949,8.794356990196599,5.865285378011236,7.85512189250435,4.1274473182086275,0,7.19
7.87277954809004,6.394718439435966,7.0311418331531925,3.3533253696367495,7.384495271233202,0,7.12
4.780609943892624,6.84296569133692,2.955118550766933,7.395909574810892,4.421033499020862,1,5.32
6.91030232330868,6.426404595629704,3.936599854888043,3.734622562108458,7.700166011688267,1,5.57
4.5844968769384185,9.30534648144926,4.352187303300904,7.800377212579019,3.742466196249032,0,5.62
4.1878600832147885,7.1581644108291735,8.151607402446373,1.8136949002478804,9.707941549878338,1,4.91
4.558705371572419,3.951240984027112,3.647568328311336,5.189731141405635,4.196822408187625,1,5.73
6.773474998725289,4.756366798479908,6.625905044270403,6.134548744068494,3.088145477212398,0,6.75
7.481602787001877,6.860614777804089,6.14613289116314,6.718211135679606,7.0228165397701074,0,7.32
6.772028843936474,8.79180898795636,4.900591796159054,4.313552627331806,7.707979272782087,1,6.28
6.175637054761486,3.2089649595420875,5.335424037659607,8.63024189194984,6.1718376379838125,1,5.81
4.848786559851488,5.085962152473499,9.33988401916876,8.182985937226707,5.812333126580872,0,7.65
5.7215252394919425,4.268287218013736,4.938979569681208,1.3980155641075083,3.8394295238133265,1,5.37
7.7487199587414235,4.07575756089351,4.58507529695532,4.52254292040922,4.716714315874709,0,5.19
7.0404822019982864,6.813930008524774,7.248029106751039,9.703895103666705,6.873712059600033,1,8.18
5.216901168453816,8.30792275968284,5.28764158615645,9.771094861971717,7.152750674940223,0,6.22
9.273397371229489,4.2943608758131795,6.929088922416203,1.094385837901401,4.303691199709832,0,6.66
4.259274197894733,5.658017686810355,7.882277216592102,1.9661658303344747,6.60821780910846,1,5.28
5.454943414587749,3.631056153117469,7.229711578112268,1.4704341983016538,3.4247279890348876,0,6.27
9.597838790730478,8.985463398307893,7.361430119228323,6.368793754316305,6.826169689985659,1,9.01
7.8312735789123895,7.639547907438062,5.528800863319724,9.17526997631315,6.955284297810129,0,7.05
9.361595956956002,6.94670504166485,4.234531141733835,2.1868667891078317,4.0104188859726495,0,6.26
9.6214822270329,8.422490809167073,5.426759550121037,6.5875410712667835,6.726118048719446,0,7.18
8.756376901484167,7.928254320521647,9.659206537027064,9.119558565215142,5.730867065907036,0,9.11
5.11090493592547,4.240068776124204,7.244168643280253,1.0465553930103315,7.8337063259816375,1,5.44
4.218534826353385,4.147605714910586,8.748387995812813,5.470329525314831,7.946725665779982,0,5.62
8.681378571449677,9.373111551440962,3.849836436778256,5.14129076941624,3.7240980161945934,0,7.3
5.658159808472632,4.534938954329233,4.794063852715077,7.246360381321927,7.790219246766616,1,5.99
7.020984322658878,7.521786480359555,6.925322818184107,3.9496546054243593,9.529757766110762,0,6.99
6.2434886175873086,6.26470575252541,8.713424641414935,8.581898828337742,7.942535127002292,1,7.98
8.902920428853374,9.650135218159143,6.249170415876807,9.764115512227766,6.0539241154789645,0,7.96
7.211413011494351,8.92281807834662,6.248030261082498,5.557439067700929,5.446541385051212,0,7.85
6.3348187328296905,8.485206474228793,4.670063854578032,8.929949869961852,6.2357168928712605,1,6.64
5.992346085772946,6.584538833393268,4.815913577966193,2.336889449724846,9.529897481741546,1,5.11
8.273275990343564,3.925331138496693,2.3991746782528764,8.22771281278229,9.55191567455051,1,5.6
8.853895997868502,8.186996441437394,5.861574048947018,4.746170837491108,8.520491431302382,1,6.32
7.630622943617249,4.264927946041661,7.845358516908246,3.782936051427749,4.154363394331911,1,6.44
8.39031155147907,5.062735796871188,9.309504090303555,1.6767470551732606,9.949336472221523,0,6.18
4.934878842329748,6.294511358692198,7.800166759150229,6.495888592685738,3.2366210053536437,0,6.84
4.099448796989778,8.094085833508435,4.175155722884531,8.153584662328463,8.86818305180748,1,6.43
4.628048472038699,7.461743002101014,2.4534515765086713,9.438748731087902,4.763591801187852,1,6.2
7.5418932934312775,4.629340406765252,3.568650474601898,3.794780113895106,9.989982247882027,1,5.41
4.350698415536776,4.646326637206235,5.6893739926433495,2.4329710524352004,7.701780901439179,0,4.62
9.638460607587188,8.523035173810058,7.8377459330020764,5.730087920010175,9.703739512853614,0,7.55
4.029201252834124,8.145908498602656,8.797927613814696,7.7809006124307185,7.310475827294699,1,7.32
6.220385968213137,6.492357555857521,6.074745186385836,3.89785938979091,7.008342522454798,1,6.62
7.406477060295975,4.701731389117747,8.734970083005107,2.6084715876744635,3.0361147042283947,1,7.46
8.351921595613018,3.795064856870029,9.471721077574795,5.006842957650643,6.31903827954875,1,7.88
7.682372477769638,7.758549488345887,6.942134725049048,3.484541298090264,8.522910471443852,1,6.92
7.092724367435143,5.352907682819253,9.087528865893582,7.204610036648059,8.363929680425844,0,7.3
5.606926737674829,7.642337199244557,6.469776644832147,1.6036771116869861,3.562062861418084,1,6.28
6.166300487219377,5.728864156490003,3.191365580369653,5.1291771917248745,7.922007053248825,1,4.67
5.072024763795978,8.063335988945155,2.8458135045275217,6.864276331120913,7.02789638471452,0,6.41
9.407745465209015,7.1571409198436005,8.140518141672338,2.7627458885896914,7.284325724665161,1,7.02
5.061118942072257,3.7379151492151617,9.70731313503984,3.183416515957126,3.5013569456862506,0,5.81
5.727038614534904,4.278005502233473,3.348467136868325,8.71033757249482,8.461183926787752,1,5.66
6.141303792871897,4.404258786585206,5.850745534624813,7.532771627775881,6.5390630362289635,0,5.15
4.548577943708398,3.2933006999328156,4.842216365516108,2.3115534331877883,9.003465406507171,0,3.18
8.655522435303702,4.168428871710007,7.732449246427119,8.786666611196285,4.727129507997839,1,8.1
8.460473971999253,6.0813026404569275,9.068511741089932,4.786597616178524,6.344029760836038,0,8.06
9.513079474700788,3.3054503564497697,6.957187687781404,2.6605128749505,7.044541283955507,1,7.15
5.181510194184276,3.950324215399025,8.612274929880261,8.576336031030435,7.047587554938198,1,7.27
7.923054636094356,9.688106041311476,9.72801283475053,5.870281984460777,6.037105450887164,1,9.03
8.737638094743806,9.54982363209751,9.353942640230539,5.8027374640558245,7.079946994046643,1,8.38
4.653469508817929,8.74627415128764,6.524559325624977,2.7283781322058447,9.92049715083813,0,5.64
7.925890313497225,3.269365999146418,5.920641653885082,7.62745891228825,9.635490147579887,0,6.1
5.851482432780809,6.222978452190826,4.582092743747872,2.0746784465998327,3.3062414509193765,0,5.42
7.123492624989394,6.297998526835867,9.613596596214082,6.92409328658548,3.391260763811517,0,8.05
4.055612313268563,6.069442834671037,7.19368402727647,4.24102880027907,6.727672986096603,1,5.46
6.1984174497975815,9.48169548045125,9.912801983127597,7.401046601507114,9.259787247391031,0,7.18
8.97795719682928,5.603804289501793,9.200331541262809,2.784237307491841,7.015179366362945,1,7.96
5.976287947331514,9.823752971557795,7.003255206648614,2.056020986849221,4.539934092653952,0,6.48
9.067738371758143,5.711190684399871,8.387574024142753,3.7769027061661156,4.249039678063248,1,8.42
4.328890422015478,5.285372838254847,8.15307668690576,7.48023332272343,9.220953461963735,0,5.86
4.61595613890522,8.799922486533363,2.5897906426106596,3.723629010061644,6.113167541170423,1,5.8
5.307359808772301,4.831797262843482,7.670304484573343,1.192346284362956,7.539721853929644,1,6.05
9.563517588112411,5.836062178002601,3.53614173951187,9.257937151959071,8.486976820176235,0,7.17
5.163644938048676,8.182510421492331,8.818188131145092,7.058566242153082,6.74302083588012,1,7.19
6.3049084430099605,3.393794711140654,8.850955503524577,3.659349090530305,6.519428630284258,0,5.37
5.39251814651077,3.6564031917290394,2.6059590523124667,7.306549134749092,4.319425154510671,0,4.24
7.517272312023607,7.557730162431868,7.8545831451288475,1.405405540096003,8.176943670748802,1,6.87
4.753821246400287,8.152957007332269,2.1174986871453187,5.163697495298622,6.317353056884082,1,5.71
4.827526708937784,3.0071171765476716,8.701410087045211,3.474437705071816,7.542088149668911,1,5.78
6.617929869260726,4.1546396053559285,2.957109817341366,7.344965805777457,6.7109389973052425,0,4.52
5.649145492339935,8.522640357360054,8.52230849165531,2.724386112489549,7.955621075057512,0,7.14
6.370422119307587,8.730114033578786,4.515745438471454,9.546108716180932,3.748227612744754,1,7.09
6.8557610288989235,5.750404317775614,3.2734525420944536,8.425381034152128,5.832974230199548,1,5.95
6.432795462781188,4.459425996812119,6.329681827564406,5.56418578295333,7.450691320835809,1,6.45
6.03524879630822,9.176357288941677,5.011345404070176,2.7348707570850364,9.78846304530813,0,5.64
4.461215647539401,5.690321816162157,5.0665897657956425,1.7791633933077033,7.848536049667006,0,4.56
5.58849073302469,9.185444897327667,2.5167005402886016,5.631759101709038,7.927702569356298,1,5.34
7.468874889855368,3.427551141750669,6.432239390688899,1.2959367688917842,6.281225600896162,1,6.2
5.852359630175208,3.572894301998295,8.03045019404283,4.228492053072534,7.6084674618347385,0,5.36
4.452003591275687,5.110840414194619,5.637964336058682,3.978631277045094,7.395073360087023,0,5.68
4.3504378245010376,6.874240964979927,9.780133785885441,1.4246057164459054,4.26988419258376,1,5.97
6.420996123014768,6.296923066534095,2.5838428441601673,7.336933947883595,4.313242791397693,0,5.72
5.549918206162278,4.216547372005021,7.09851591100878,2.123255929137049,3.3367046066018657,0,5.85
4.508708768195652,4.064784306500252,5.416036767556219,2.461020490445902,4.640193158527063,1,5.33
4.657114530165234,3.2848197568479316,2.291718628608276,6.129216461489996,3.079809397607642,1,4.65
6.330028617402325,9.394486677372718,2.811008413109559,3.183974738948242,8.48901319315799,1,4.99
7.089890339057112,5.809228094888303,7.685192963927255,9.677713854223537,3.803880367989165,1,7.59
8.311506969139543,8.036881371166643,4.01737938112591,9.755777536806047,9.011717980702453,1,7.05
7.3247094497362895,4.069178916440835,2.676848134757866,4.4568503860379,3.087986055346311,0,6.04
7.910830184749619,9.951268269038135,9.050329372417691,8.920820213152206,7.282937609001719,1,9.38
5.826624674035742,5.782434758177195,3.011569230833623,8.08646718835612,7.008816795519062,0,5.43
4.085620588529917,7.746972561452714,7.244442491781208,6.258184054225175,7.050359908807697,1,6.86
9.415464515083753,4.821128850502312,3.670643117547314,2.04291327422854,3.26379615423651,1,5.98
9.14103215610194,4.3501246920691745,8.514373817891997,2.564656994499459,9.248017517114404,1,7.19
8.710357828428599,9.814940493012477,2.995502280296063,1.4226260274107125,3.8019411631619184,1,6.36
8.116001498392485,4.394648110425839,9.033742874760026,8.430234001234684,5.958355085840219,1,7.98
7.943846344578606,4.160580534795191,8.390394364114092,5.380238583584536,4.2071567519452735,1,8.12
5.145569334148203,4.526890332772952,4.0735336970658285,6.418428013255121,5.679231243037833,1,5.92
5.184581198071389,7.987975697106941,7.417805796355174,3.4608193424189087,6.441029217911688,1,5.71
4.162733022775246,3.2306676839845956,7.1391544545399785,7.205114862404107,9.400001250695757,1,4.92
5.5525785910084675,3.2424838600916566,3.8759189122446562,6.485067908560197,6.178919760383595,1,4.34
6.616584705875505,4.856540684412524,8.004498018176669,9.469825393780658,8.10938876625458,0,6.89
5.3974754065647925,3.426524535023109,7.9279042638585935,9.31789591092343,8.202662461897358,1,6.69
8.993086391150884,7.81149784343281,6.078344715263029,1.19942392611696,4.887024541954331,1,7.08
8.928996377583509,4.137988231768369,6.396068237331091,6.93733333672406,7.4829734927840175,0,5.92
5.427387213425934,7.90410092657863,4.4013361587010795,3.6070685863941776,9.844265604037872,1,5.46
7.649777970052832,6.094637180040108,9.054114545483596,9.58198024508462,3.906320462404909,0,8.17
5.104118836081261,9.438165333758644,2.66080895410758,2.816460706806013,6.207402558841916,0,5.11
4.0708856994530676,7.75889851632419,4.699440775137328,1.6069046265545355,6.5868674493352,0,4.14
5.4563456612607135,4.080956574316724,5.4674219235309875,6.1796227097400145,7.490987308299574,1,6.1
9.512950019525203,8.498635029208382,9.966082954852086,9.889636571457306,7.4891157455598485,0,9.69
6.165116124625701,9.642109022225235,3.1440204020541334,1.53917493828118,7.229542427078917,0,5.32
9.33570720891288,4.405892263047804,7.1241271525636956,2.975863104523572,4.884394096960472,1,6.1
4.428051349574103,7.3954675013672535,3.91862191200347,1.5288667438033432,8.656355600807444,0,4.55
5.79658974554342,4.327641147641876,9.125616372411214,8.12810442364456,3.8379893339508233,1,7.62
8.548598591332754,8.699534861200743,4.133668488870297,4.3627379748473185,6.453911119655302,0,6.84
6.49884797675061,9.60795636163272,3.2123366310305324,2.227549531728121,6.425138870702542,1,5.76
7.588735181370277,4.404302141332394,5.218584997375162,1.111878805355809,6.199128494878812,1,4.82
8.103546479437533,7.057682078548321,6.723357470742514,8.512988382418232,8.87226125978967,1,7.56
5.526289217060371,8.399835569488303,9.162699018499687,6.017084984165982,3.975792986220302,1,7.14
9.456090964049586,6.886799077245851,2.9244708747823047,4.128905825059268,7.480407506238927,0,6.73
8.915250740196385,4.436310561281321,5.033503330073605,1.1692201275223042,4.300684213581169,1,6.4
5.5043155970299225,5.094286484372163,5.0169435923478085,4.457718394996702,5.878286546334464,0,5.33
8.816539256369094,3.7189685391033156,9.656671922529256,6.00457706984773,7.121665546918057,0,8.01
6.994161310937788,3.5594539811364596,9.616401631647587,8.968554052039401,7.206213844130913,0,6.63
4.585661836113539,4.347624348824563,2.2694463333935246,9.215352753803689,6.767052349217934,1,4.08
9.041431991816399,6.573876341157389,6.313910143627951,3.878717105214305,6.64984219283264,0,7.29
5.55124821791313,3.823874841024487,9.719078488309128,2.8178930356849423,9.226408102634513,1,6.88
4.870372319086947,8.097378895559249,8.755728189886934,5.288577737247951,3.864645108002209,1,7.21
9.487358156762355,6.4222934615627025,3.8439069514444064,1.6172927928653134,5.830409803753524,1,6.93
8.381770637402166,4.932712212107676,2.6045574686016364,5.796792411905748,7.783856424123367,1,4.95
9.791822679157285,8.878721689383772,8.633455016652064,6.592268825353984,6.839582898265364,0,9.56
5.3221130675685835,3.6718905383344485,6.2312383794230835,8.099839039571739,3.6636132545744786,0,6.02
5.261519940974216,7.284864856431378,3.950771588119946,3.936567641410927,7.911241659824554,0,5.33
4.747706626118114,6.555121598458506,4.905227078004112,1.911473420296494,8.318928170666148,1,3.82
7.329010578083539,5.3925229228416915,3.2849056304905186,9.888491263145154,7.860883314967109,0,6.49
6.042955854211144,5.597179215929118,8.188448310564343,2.8126771667158526,5.063174306612568,1,6.2
7.984968477311427,7.971058671657978,5.175697091851326,8.397821505989779,4.198665303672039,0,7.16
5.818198545876645,4.071036371363622,9.243808716140684,3.162575274882448,5.172044461718911,0,6.35
4.533094607339957,7.366993334078408,2.5305010866256428,1.6027857026421186,8.225344811684224,1,3.43
6.772203963376938,8.278840230143174,8.398479666423452,6.759520218002405,3.4500765235870863,1,8.28
4.366364100076241,4.321700862622226,8.101306919777006,5.623404842759847,6.413453864589028,0,6.31
9.550847170228785,4.886907462151438,4.393872854257578,7.966535110774311,3.3585746743620097,0,6.45
7.433664288991833,8.149662622601406,2.7602763651878526,4.635267636046716,7.617655920689566,0,6.13
7.601842819664035,3.439519040942666,7.2235519982998495,2.274500792912021,9.223152372015582,1,6.67
7.658510798591172,7.2544604337790775,4.800415549803778,8.285511443680077,4.045216203354494,1,7.73
9.425322547248314,8.308887407991307,8.579769025265124,3.315062873425158,3.1301542905830195,1,8.25
8.929207885049852,5.375664102189043,4.613780808389331,5.28032017149782,5.059961375624875,0,7.31
6.319491761013241,4.1793675710964235,5.494156927906523,4.969981957299246,9.781804446094927,1,5.72
7.443571110465159,7.3114416012162025,7.068771424443938,6.174300306863905,5.881873538301216,1,7.06
4.203640537763576,5.501641553977526,9.287765472257057,7.292553938502353,8.118937381501881,1,6.97
5.309881553340766,5.057990718009013,9.59922307990217,2.838241188213409,4.173678105615322,0,6.39
8.40955036771511,3.039798741745543,5.64025350654257,5.197483286838464,9.645647359565581,1,5.91
8.834205288644927,6.185226855598702,5.5667242803273265,2.0893538118928077,5.777397659989621,0,6.28
6.043248570082934,8.497927155110897,2.0537605403422896,1.7459592866390916,7.669760881967756,1,5.04
4.152590140062873,8.160461718472481,5.598534673207583,9.442397412349228,4.57534582795304,0,6.13
6.045569831188379,6.787501927726634,6.232872362656427,7.196312308633839,8.757964802908841,0,6.49
9.41767242503801,4.658265794031143,2.045344052872742,9.933802718997182,9.742354755863616,1,5.58
4.6060004023353525,7.759868554097833,7.383331064023534,1.4825858987350324,5.711452540757469,0,4.87
7.887754630381885,7.246803804027088,2.1275001055267797,3.8633078937202345,5.063130272922985,0,5.77
6.567919417415774,4.106921482208838,3.161994879211484,2.22222483923005,6.1582425919587305,1,4.0
6.447935695552584,7.073394777249308,8.053814005118074,8.359386610255068,7.780166193024384,1,6.7
8.867412403788766,8.66628313308097,4.020936444194736,8.084216699261518,9.872620610355476,1,6.25
5.172838757568868,4.164855538539217,5.306292323443305,2.184198190862968,8.20423515435409,0,4.5
6.74021509458594,8.285273242416952,9.329655589631367,5.885833227330743,4.163421376498043,0,7.35
8.072017474894132,3.6408150390278715,9.821575950826318,5.533120865169601,6.568314726921061,1,7.73
8.234111248645473,6.195333736836869,2.9968623212300667,4.213264474099487,5.250535688447133,1,5.56
7.132242337235391,3.150691331470317,8.102778758634225,5.5535904851464855,9.115974183688493,1,7.51
4.101628958281964,6.794320001854381,3.873261284998751,6.844052523845071,3.5898750615818154,0,5.55
9.084285593181058,6.684203546870091,2.1580097913362923,8.61967328255405,3.329079901338681,0,5.86
8.893365762017085,7.433164329600798,6.5054950907480045,5.4418987178381855,9.140027503720045,0,7.64
6.461007492385612,8.751316955811834,2.994238350980191,5.184094146201248,9.335001365191035,1,6.27
6.044991457192918,9.47438035006564,9.240211602219663,1.129058720018001,8.061296287925186,0,6.08
7.129723438603382,7.175997052006413,6.898428746867987,5.5022549178394735,9.268710861369536,1,7.81
9.659610426852545,9.85352060835427,8.899290871993177,8.870980319360646,9.911920618231854,1,9.22
7.371182243504281,7.186008398686167,4.344899001503496,1.4762741079507533,7.1695639983849455,0,6.13
8.682663386561043,4.012757923279981,8.494031194828644,2.17278032613744,4.809677083123029,1,7.14
4.413763344837531,3.460579612403326,8.169261532190864,3.0324819332768556,4.223985039765598,1,5.56
7.252956632532468,8.840210720758934,9.461491854647422,7.896739541117144,9.311162229627785,1,7.51
6.460137574392244,4.498229568503179,4.289901623389205,4.647506165439043,4.5558123731037945,1,6.12
9.34971667927272,3.375131684575223,8.688132495541353,1.7057583760070072,5.345695318754723,1,7.83
6.621269270190298,4.311991209515758,2.1571056575874215,2.7442311128832446,3.716273198335541,1,4.91
5.629030720344934,3.165390754545306,5.1837478768858585,1.0455901046054823,6.597509017764107,1,3.79
4.140839878425674,4.1188082394294625,9.061732041889636,9.779890780044656,9.003738480805005,1,6.35
8.353302135569194,4.69207842704334,3.0096815842658096,4.422569477588494,9.525811108061216,1,4.81
4.801470223486844,8.128609829102308,8.277926079211626,6.63602631255957,8.23247936927736,1,7.71
8.73102794634104,8.512926831917849,3.4940806789002226,8.727577170832681,6.129456002813747,0,6.66
4.532485484776121,6.53264348705912,3.23046782368608,6.568503551872025,8.200307823390123,0,4.06
4.6463983984941954,4.144296941578306,8.9359017117393,7.661717875216662,7.513283759241712,0,7.11
7.802915853972266,8.656216080171092,6.329586451274458,6.239411819786222,9.887857239282026,0,7.96
9.211890095224067,4.984502203284112,8.053708871643279,2.5358951828970877,3.830197166269665,1,7.35
5.196063228976061,7.009572142005952,9.586814867028929,7.186585473651781,4.269598390128776,1,7.42
8.392553506976412,8.48316703377984,4.359409631764361,3.5584354676959182,9.881777102545833,1,6.02
9.177124836136635,4.771020948001689,4.034463464545799,9.819216726966504,4.32458133917684,1,7.62
6.276647040136603,3.748283534268258,8.560039168089773,8.801254442771896,6.721195135608958,1,7.5
6.080512421373651,3.9843209794755032,9.490415956038245,6.804206717161286,5.813704094528,0,6.66
4.273605592908134,8.219128903186522,9.721172478115186,1.5735451347800464,8.110916896211968,1,6.62
4.303299333758729,3.7835991883059674,8.803848343689923,6.261400891106132,6.101132176229116,1,6.35
4.463508097056418,5.0299089927321265,5.888094831246922,9.662451718025968,6.37208848797585,0,6.69
6.27092715219281,7.49901951042029,8.23269529389859,1.452752204346123,8.272752003893636,1,6.51
7.554159202733672,6.824698186341956,9.64454200652069,1.3090258297439556,4.003176953057833,1,8.45
4.370208785158791,4.793291620626887,7.132810661856068,7.225857899623376,3.845855066785022,1,5.75
8.430453286566795,5.708522088868021,7.012440991055003,4.2294367561534205,4.729603174407922,1,6.48
6.751811106064035,8.54542275091055,3.776824556997747,9.614985613868928,5.4229129436701085,0,6.01
8.221323068427555,9.333073643054387,8.198072555150604,8.069675007169103,5.4072163462965435,0,7.63
6.6963525733976965,4.0908090883189985,3.871616879035388,2.4445646420802523,5.19039625589445,1,5.12
8.554384844470924,8.505785083661557,3.850510903877214,8.434752984848926,8.847321477792642,1,7.87
8.891223473216893,9.636340612320977,5.60090776025647,2.918356186800647,4.438817362178126,1,7.54
4.25486975746619,3.2939018800497473,5.830645656854505,4.023871371956697,7.86131076963517,1,4.74
9.468319486394718,4.195684182759919,5.842651450873543,2.1037909085906987,3.737672247049801,0,6.99
5.044787100546189,7.503712423048888,9.009041952257927,7.870965998060578,5.9434186317591635,1,7.63
7.793001766958691,8.034052880507957,6.677650596195305,4.290323418301062,3.243383511989287,1,7.06
5.92902013472039,6.487730525582357,5.48855432185506,3.2369258383877635,7.543539941932517,0,5.86
8.366113784537191,3.334017610435065,4.007172910047895,6.120794916154656,3.9467176959363974,1,7.02
8.22101445516882,4.60801685778335,6.926610593683069,8.425742573308757,6.356646803611353,0,6.94
8.025247121421394,9.014617395143816,6.595781302275743,5.151450204219022,3.8771582015619463,0,7.58
9.33425733568571,6.987063062339155,2.3378318123809585,9.086701521581169,7.322123810617243,1,7.02
9.44038290231129,4.285911523141098,8.964613143573043,8.905074618759969,8.688370727137517,0,7.77
7.357400957866,8.130562423332814,9.562839177696976,6.915771458878392,7.568429517496314,0,7.77
4.026836696361033,7.454199491771342,9.806294821197698,8.991425043697177,4.824978523727211,1,7.34
7.6859253821771105,4.150187940404486,3.859974643364051,6.9711421318452516,4.140886060782279,1,6.6
7.578904593418996,4.963459961077225,8.242545414636849,3.874313832289161,8.59861185132679,0,7.54
4.616490825206269,4.490563570847375,3.1165336254724734,4.286327279132747,9.304003972334586,0,4.27
8.566180470799743,9.225012534592786,3.6075069728374585,9.09400537986548,5.140541442931852,1,7.2
6.3257404687424525,4.488330246252671,5.966410079148225,3.5596046400861043,8.516893476150265,1,5.44
8.884677344748795,7.683701912479957,7.156826292795528,6.513484913980219,4.304273343523184,0,8.42
6.475346136469387,3.813947241953601,2.773548739660325,8.319425377115476,8.864710511729264,0,5.55
4.7458118434429855,7.740547874476285,7.1108714118447125,7.78582616856635,7.2016068364625845,1,6.09
6.9902230046964515,6.666601227469643,6.666538902907031,1.9567350732475437,8.196410022895607,0,5.68
5.343755823282173,5.660260771281429,4.272772749354939,1.5610247455396666,9.828716515714953,0,4.5
4.260432261870649,8.628902929229408,6.168712343007372,4.122917867468013,7.897092961435975,0,5.2
4.04203856123014,9.625549552614999,9.166995155081107,5.486976872640804,8.885613677069381,0,6.48
5.756300196550474,5.976757656469148,8.686385780885374,6.015287340629186,8.48927452034421,1,6.95
8.412688631019416,4.533481096154214,2.242410315866917,7.842091848973441,6.6735690203382605,0,5.79
8.65902398913904,4.617165816442222,8.90661171213637,5.195708177538467,4.3915703607705,0,7.19
5.550354322251351,4.279469231859183,5.4411024506533066,1.9534158469015659,4.22485280213267,1,5.75
8.360761745501694,9.29810265993704,6.873386548506105,8.512044680548685,6.8999824946215345,0,8.32
7.45838248395769,3.51283546186058,7.461453018709457,2.7603787232135804,5.098707246772335,0,6.12
8.665727252047482,6.55442990181237,2.0393099478058003,8.468471712799584,9.499371330635004,0,6.47
7.0626261765009914,4.565314622693341,5.071111997322964,8.61923174361728,3.05327063433739,0,6.81
7.002919643353328,4.221958676731086,7.949625579444631,7.392930094495504,8.411066035467147,0,6.46
5.330101419539116,6.865638609114297,4.912182915466339,2.83681587593809,5.997278205934987,1,4.54
9.267578315250976,7.169987740973428,3.3827094442530177,9.916199570485382,4.278554474552273,1,6.78
7.950711560030674,6.082730068049562,5.115900518458711,8.283071904677875,7.210737037488717,0,7.15
5.516161533846237,5.627856855158826,6.827015855742731,4.450778149289189,5.662018454789305,0,6.18
8.039500769891006,8.27531613341962,6.838918717079803,3.114898220460029,3.672505853885701,1,6.89
6.062380122708719,6.80572670955003,2.1984493346487373,3.965493599732412,8.412710421052827,0,4.08
5.547663077757045,7.363373114015074,6.822727871665633,5.201461157515081,9.662404248392885,0,5.97
4.726917601909333,8.597353150278142,3.7063527950666844,2.629045164924099,5.525630988326472,0,5.94
7.570807976441193,9.00085058764505,9.827172262819769,7.632170124586069,3.353406397049687,1,8.72
4.481731725224436,7.611648702894687,8.501535572902206,2.115803993876723,3.058861734117525,0,6.94
4.968584888775444,4.507108585604289,5.151846281590348,5.807815504603843,6.80617620571382,1,5.36
6.364551329603129,9.20116451851763,8.254375675167218,8.269036035451373,3.3119324597183173,0,8.29
4.2072998406316495,3.2164441392749397,8.59665602474457,3.361112136873382,5.8896750549196675,1,5.1
8.916861979834042,7.527010153882842,5.440191058173448,2.194761084525526,9.296672218330702,0,6.48
6.292491777460796,5.459208544674501,5.064312304006928,2.5270785372419176,4.77816896298783,1,5.51
4.27619128426762,9.219126220376623,2.1272758858142975,7.9951261511394485,6.918989757078002,0,5.71
9.545045210663538,7.883900433262894,6.614992696660671,8.565463900157383,4.894638417004118,1,8.56
8.187644675379353,6.921797314593681,9.71050834855464,4.223214897976674,3.835410881774431,1,9.32
6.912590386310017,7.277900206805483,8.042030935495433,6.590588709719565,7.388010666192173,0,7.91
5.334019135773852,7.736971377615614,6.745160587349409,8.144861270923872,7.013705712695472,1,6.59
9.411499673697389,3.0028014764057573,5.58747181174105,7.294691890884909,9.58405352267707,0,5.47
7.846776158132583,4.0930837836254526,4.220002850896885,1.0781656868276912,4.704545134826518,1,5.62
8.977841016102687,7.991205874261448,4.411382572682377,4.154270960814658,9.270779647656589,0,6.67
6.569124956121378,4.978784550993685,4.963150015995725,1.232967984780493,9.84299970665505,1,4.66
7.270515010749543,8.118002350738347,3.432355099965238,9.152587310281433,4.028862234528348,0,7.67
7.160491504665751,7.939658053182196,7.122525588776918,8.657662108611808,3.9633958051531444,1,8.56
8.700783811994178,9.41771838301555,5.038011223976394,1.820965942895683,4.5927019415133055,0,6.57
5.175515178760053,9.801783347207937,9.19806672785215,1.0934468730806262,7.976207979646524,0,6.79
9.505980326175836,4.428192792516765,9.747044555520661,6.91728295595763,3.9036440970943236,1,9.08
9.176688720759913,7.389109430858264,4.939740930336595,5.683292492218784,7.728192882426047,0,6.94
9.530702668020927,8.846788222300749,9.357270579984402,2.5657356019425483,8.414505725908612,1,8.4
5.229356662243564,5.809352331658655,5.781386656276936,6.205196818486434,4.052498753496832,0,6.44
5.328838361122938,6.79969595285455,8.585784997303936,2.8207288200481324,6.664274035869658,0,7.01
9.657027747410623,6.336037391114498,3.463721382816572,9.36169326649507,7.6923674364892785,0,7.41
8.601087519533202,4.181089298933983,9.833562958322439,5.564265813502618,6.2461365613443895,1,8.39
6.9965902309048005,7.725372676358229,3.3443800093816076,1.5113500082731437,7.236876774975506,0,6.16
8.136889162636294,7.205968924847269,2.0352335123669727,1.0480632779649566,6.371771778929656,0,4.91
5.962261187110854,5.529926241738071,7.183265369119489,8.492207747877382,6.747615228716746,0,7.55
8.136710470665495,8.309092124282913,8.865361956926042,1.7707723087092622,3.4353973824203976,1,7.92
8.26564365946478,6.755657658602928,3.505570871888901,7.779919825418712,7.544590775347951,0,6.75
4.5171969004381,7.2377036886631965,5.653264062222462,2.830025622197637,7.807240387932119,0,4.78
8.145482366663906,7.074019040433354,5.53841710286053,3.238632947247358,9.017005808007323,1,6.22
7.624113723267838,5.696530952225826,3.0541282456256047,6.514483231864343,9.30682744196692,0,6.28
4.753085198224988,7.954908558833551,2.836266725477911,2.255528116179992,4.813238513067926,1,4.31
7.7760277321915225,6.4728170352801015,3.0081447921683235,5.459263386916807,6.38184546123735,0,6.56
6.468256851699801,9.760897992097695,9.58720901002772,2.252678316136916,9.463071453874429,0,7.17
6.6006168881409515,4.897121246934484,3.887079776930495,1.7654778062432577,3.4724963327028333,1,4.54
8.185944665456546,8.503551145392468,5.387818536554458,5.205012387254449,9.599611251425014,0,7.11
9.269399152125796,9.119947700087526,4.294832746326094,9.56236316156504,8.943866102666714,0,7.71
7.383560555715741,9.010525859265703,2.813881386760184,3.2935968331017804,7.382908848864268,1,5.44
7.136625659350343,5.723529170962475,2.0646190218599996,2.2168635334670213,5.632882378700706,0,5.11
6.785619917229376,3.1291194771776056,9.468344620349262,9.397145586415458,9.60674308283005,1,7.28
8.553083096090496,8.449144651659065,2.8830333964383117,3.4891674676558107,3.5110053978801705,0,5.94
7.90959965865863,9.210731987818818,5.046881987905809,4.743939680749955,4.414678194528512,0,7.68
4.2403409278889,6.1289124684894,6.23566600019428,5.214596910987023,7.2772541320621595,1,5.87
5.878678989228626,5.605502246641066,4.625665229276598,8.419858620904963,3.7904991686112885,1,6.25
6.644745363082597,5.568296449325467,9.300321472311948,2.29171132941747,4.770645543364465,0,6.59
5.230675321732022,6.3285168490187855,5.097293344004835,4.809883040556446,5.339559364836386,0,5.51
5.123138387893114,6.86655872054955,9.986541637381624,1.3492515377013792,9.664415236109011,0,6.86
9.39682412142147,3.155478977912508,4.609023423613991,8.587962513001582,9.185250142516582,0,7.48
5.472778758247337,8.88504466969452,6.667879438257204,9.180866563206271,7.892087411599409,0,7.78
9.139440967062624,8.899097579129528,9.000578482609908,6.701602771612849,6.63315446769487,1,9.64
9.22583577163092,9.145082755064553,2.57931156613052,9.095938363828454,6.4539643580626045,1,8.14
8.58163987402425,8.801746657041601,7.918529507397343,2.3461841808889283,6.72234404274184,1,8.26
6.845730770782894,7.753273640597545,8.552191978145718,7.417773730807657,7.112599106268354,1,7.82
6.193493079909988,6.568460895418903,3.438379084718309,3.249034795775037,4.2978185414091605,0,5.56
4.452079600842846,4.080065350053346,4.6612304964061915,9.126337279679749,7.977327650658834,1,5.35
6.350293715756846,6.889564084923943,6.884897138583683,4.222297076404637,5.418640945788631,0,7.02
6.397093614663303,4.675781155039003,7.672582603780467,2.1001261160922455,4.929746109387208,0,6.92
5.58929622402177,3.3670601492238608,2.80431274876865,3.322323675876638,9.818631752761814,1,4.15
7.467371937508009,9.94500053394578,6.0253150611763155,6.685596445123765,7.7721635454915186,0,6.6
5.126765878955682,3.2724770408274493,3.1322870917682533,6.602937304020885,4.063973181920457,1,4.58
8.82162023023089,9.608168345206474,5.612852769185711,9.279817349990028,7.305646509897779,0,8.16
5.518783406823311,4.287439446888049,4.981632182888633,6.124041810641656,6.514621715179437,0,4.6
6.478753802975005,9.565988083768987,2.9769647460995285,2.702825112883575,7.119715999248072,0,4.65
4.502054305163757,5.457631149781514,6.775622385187324,2.5489166958989378,9.603118492996376,1,5.99
6.5442540644326685,4.620079346196562,7.119980954677631,3.6765169301761325,3.5880993020385,1,5.46
6.1893094545932446,4.456724896842428,2.950383042759646,2.4587710330764057,4.367742719915013,1,5.09
5.759437380467941,9.507819933356378,9.203753511287491,6.231670906399561,7.923184225151261,0,7.06
6.111240503019234,9.57707404505176,8.627197732692895,1.1620663653252934,7.364638367182375,1,8.04
9.655958373201313,6.814373173092692,6.205842416446948,2.729828154497198,7.577419875008237,0,6.06
9.575366527223801,9.676896865591353,5.019584936749506,5.661566546756996,7.301632547615419,0,8.68
7.673374464535903,8.876580052450112,5.6615593027621145,8.633219444669695,7.845292686338595,1,7.36
4.270210954230663,3.6792848092052797,6.612775402905302,4.713231159768749,8.175606227997946,0,4.46
7.583602589885471,5.282067735146986,6.347413762810068,6.339990415626458,5.284341212479822,1,7.09
8.757234161982261,7.739887740362164,6.789823835905093,7.222567575201532,5.8259783615170555,0,8.23
4.790174719464846,7.915539786043925,9.415217045602358,9.79426431710061,4.078289444383504,0,8.4
5.902111138978383,4.8445440407068645,7.430520974321291,3.915584308700863,9.2502498389049,0,5.68
6.544310816089895,7.425585067834476,6.4260925890722165,1.7554548103868268,7.064679452637444,0,6.11
8.197598867289619,4.517138780926894,5.708529161897186,7.422051807128753,8.141971923191402,0,6.52
4.792600053313498,6.589356048870673,2.463102294981498,4.244418864337213,8.491034649864925,1,4.5
7.996842633253168,3.2162688050863952,2.6310156325359086,5.583720585630272,4.435265081258884,1,5.86
8.138756611656444,4.781352252116713,9.564795610326573,1.1266947777932965,7.933543459715573,0,6.9
7.259087358803146,4.460402097945998,8.699596872998228,9.89875091460606,5.841643998232833,0,8.56
4.688698355588837,3.0363096505909195,7.414576881109959,5.055401003461762,7.996497943593551,1,4.7
4.579528778509241,9.227909948177961,3.125105178909253,6.457405002756451,4.017331130588743,0,5.77
5.928471224405114,6.744654276035331,2.47042031570904,2.5761684777670504,6.504704251179257,1,4.73
4.360917330852234,9.656401715451974,4.849974911166259,3.161572625214636,6.812946939287746,0,5.11
8.63980216382719,9.936934337776155,5.855724236885855,7.327802147567948,7.758983101005594,0,8.08
4.6939943804731525,5.866029086257516,6.718884105358781,1.3867868078749868,9.056267098426218,0,5.05
4.8261717298198645,9.54724267757429,4.7959439255219,5.9131914878645855,9.679103643205845,1,5.44
8.745591632948365,6.849790824056795,6.886933522664181,1.8418122240152544,8.684399971387982,0,6.74
4.064063511754989,5.5531000819085286,3.268111163700177,8.18210244232867,3.8900699928066524,1,6.05
7.299857897058924,7.694351007565052,2.0165800480197067,3.645229110574072,4.91291412138673,1,6.13
8.66695074482948,9.694491709900964,7.232690379168986,8.309666474505274,5.205741215267215,1,9.59
4.406210724401407,5.14065362315764,5.9230149753263035,8.193596261678678,5.884345421238985,0,5.71
5.784140908129603,6.4577487478826665,2.122037839845291,4.296086597664006,8.27664252840141,0,3.7
4.154771483118192,3.672376827620896,7.413923744749311,2.472274596502903,7.404815392161871,0,5.3
5.098179015305131,4.155319630698423,6.756148775754572,8.933123110081343,4.973361569159997,1,6.83
9.151133540812111,7.621593628091867,3.9764693941827334,2.336648400240051,4.307831011876456,0,6.78
8.375869188903462,3.776870454252473,8.898483532070582,4.781093790969496,6.771751309516521,0,7.16
6.758628089132594,3.048397726251699,8.883596118348798,7.155197678202329,8.990787845522412,1,7.03
8.272393699594055,8.511207601154911,5.126650810845814,9.797627112936787,8.945086410260572,1,7.86
4.466633912238041,9.621696054100344,3.537656117632374,8.898924425535448,5.418814176689505,0,5.73
9.173719502577583,4.8707020935626595,2.3360833060282076,4.477946002109667,3.7725779280805263,0,6.4
6.67404500844678,7.649907550123237,5.392551506387174,8.903811532403644,8.65832917736602,0,6.65
6.904034879674894,9.906126903023491,2.59952447255328,4.202384809426199,7.241343799475454,0,5.48
9.310134785220182,6.011894348803379,4.646562303568362,5.623106126471617,9.029971188580223,0,6.79
5.578105466694295,9.154003359796485,3.0998168344512873,4.249998777642617,8.1358832726729,0,4.95
7.641708535550299,8.642180254631386,5.05764054436492,2.495429620096189,9.32533948346694,0,6.41
4.539172903402154,3.6452622734921336,8.058753477292079,5.749878047836618,4.686217073413368,1,5.99
4.289741266787035,5.6786395337486955,9.986608980924476,5.974402074097091,3.324027152117682,1,6.34
4.326056784472259,4.7226786080830285,3.8547031221731,8.59066565156013,8.313235519627177,1,5.16
7.060894189132846,6.55071372419712,9.182063240164698,7.026233207298802,7.442466596254446,0,7.37
4.167962604469871,8.878745632073773,6.296921950712085,7.329365667222312,6.163677637749119,0,6.21
9.478999432323418,7.644187401327344,9.034786339446061,7.12674849869052,8.601570596254652,0,8.39
9.70001665157304,6.541480644370776,7.3728789803760595,7.354122868644312,7.879476577198768,0,8.2
5.512079266056399,4.555280015414996,4.445492335899775,6.080024280831598,4.17815716147748,0,5.04
9.612986375103093,3.864610079402344,9.50770085634919,8.251233620965465,5.2665619702769515,0,7.88
9.529763781261526,7.334468799399655,4.119203840863003,3.3218851284897233,8.969981136566808,0,6.59
8.108032486414709,9.7933552494008,9.378581695782872,3.850164212800597,7.0539181024742765,0,7.57
5.018666347587355,5.632827972793376,3.540188705341203,1.6659427289036632,6.288906309783723,0,4.86
8.949772417138444,7.667239853200707,9.627743779514915,6.156931857752799,5.681376748086782,1,8.29
4.29517432468974,9.032012684129706,7.4089495706831885,9.022501662208153,3.1807057284091447,0,6.49
4.149915942121946,6.69815062647614,4.37914449403825,4.3149979886114735,4.909430532907096,1,5.92
8.789711920672497,3.680793332654458,5.572858381590682,6.662881669047102,7.33384709572972,0,6.09
7.813615450963994,3.0855500483270344,8.682449381180382,3.687882774910787,7.243742723391734,0,5.64
7.433866130557523,5.896313100711126,2.07633861005654,3.176053038988835,3.9199840726729853,1,4.68
5.747704167020332,4.459295657569463,2.331825881582935,8.952482963949695,5.193476273661835,1,5.7
4.131512369422514,6.719018789502679,9.254280206329993,6.325568409060442,4.004403467961911,0,7.28
5.586594228096974,5.699689384551139,9.65075118366779,6.130111479833428,7.411714546232147,0,7.16
7.251467022266057,3.59403464365485,2.031747551681465,5.507571185264923,6.510374336418507,1,5.34
8.400995603074389,7.888280039235624,8.27031560169468,3.2729131403125074,4.391816141603887,1,7.95
5.0828956158453655,5.87294403801785,4.441585825780509,3.702743012356061,8.417745290745586,0,5.0
4.154843225860561,8.83996119949628,6.070189227937935,1.164878359795251,6.538471945645616,0,6.05
4.172564864762292,5.413307723933599,9.185261144057673,6.272285790854906,9.678860517173902,1,6.2
9.199381588106583,6.254006790174597,8.314170794321438,2.395264347764812,3.242775727153573,0,8.04
7.135544408669402,3.6154287850567997,2.7512912610828444,1.1583640868215785,8.324497964005065,1,4.29
6.739487728507907,9.822447885351897,4.487290248153128,4.49465409538423,8.233997152477261,0,6.14
5.133284997308854,8.795899591798872,2.5878223248525805,9.484863066028753,8.95247258426362,0,5.37
8.408361429384833,5.943836139509616,4.555314618013836,9.762476994714078,8.592235170004246,0,6.93
9.786547580392995,3.17909301533738,3.3975783292540083,2.9713546666924247,6.688629692811525,0,5.75
8.93557796605297,8.136356302081031,6.358526737944411,4.864697695591101,8.82771589637133,1,7.88
4.844050346160266,8.841776515869444,6.11299959113523,1.980617867558434,6.256933366895153,0,5.63
8.640215191608743,8.727900872346781,9.039493037629004,3.4657299094181084,6.488813061704499,1,8.26
6.1596960961266065,9.361000571037358,3.2637956236705605,8.377164093825552,8.676701019548325,1,5.7
4.692039050217026,3.5463338347412536,6.255465038980146,6.892635898705365,8.564874801561297,1,4.25
5.402124997704577,9.105924951654377,2.3958296635748324,8.41130818508566,4.653311449438785,0,6.13
6.117751232189246,4.505093965061145,3.659134573440193,9.534008948065814,3.1516153477274633,1,5.39
9.338775944155369,8.541886981882257,6.5717152530795895,5.739471187098791,7.760315936840453,1,8.37
5.792456426503852,3.8100712531760115,5.331173292047962,3.898014276745575,9.94895508286541,0,5.52
5.9366589981934474,9.058267320882564,3.5415219835404397,7.605640098624545,8.267500460620491,0,5.97
6.859408237068495,7.2092967000025805,6.335517386870987,4.093176510988904,3.23333315050097,0,7.16
4.210262549313602,5.31740830652344,3.9713546328161815,9.383701273417277,5.8999076089424705,1,5.14
5.57891242167991,6.812829539530084,8.703341589007499,4.374758887434803,4.250699179486455,1,6.3
9.312708308964769,4.010050270301872,2.974119415454557,6.4884456570208755,4.0162210049256775,1,6.31
4.103022116383329,7.286766132876206,4.704732089824158,5.9035763621113375,7.684001885294983,1,6.02
5.220783559188616,6.008603350173182,5.750212713603686,6.2532188023634765,3.7632043734917096,0,5.7
6.0781073731464055,8.41577856774221,5.699569646581131,1.4755424544786013,3.5012436723632865,1,5.63
6.568192343687378,7.775055824782577,5.578502888781388,3.4966224421400383,7.923832244224875,1,5.94
5.136254795342738,6.857166462439948,2.3181000331634944,1.1402859448593414,5.928396172251526,1,4.21
8.390888382073264,9.93622792020063,2.7116803561437246,9.861102291719565,7.386239567406983,0,7.04
8.257948198118562,9.10608091519447,8.825017307377948,8.074386329129123,8.847197599045742,1,9.25
7.8946554410235805,7.857502763570509,9.411040360284893,5.565804154686175,7.848050616334636,1,9.22
7.999730634373925,9.162892245990463,5.326834193487713,6.384241836358121,5.268221023393824,1,7.94
9.687979138909606,4.894305155630445,4.069272132315832,6.797593357915254,9.92474826397542,0,6.8
7.502983879678319,5.260089615799831,4.244916621960784,1.5691399130961594,5.029882711969815,0,5.71
5.239025701696972,3.411304474010884,4.8042404035597785,1.5039375352397322,3.4881469555830686,0,4.76
7.955569678977941,5.312014072264127,5.1628639025603205,9.110379253165908,4.301653899663258,1,6.56
8.04120899633865,6.82068950953535,8.812733735494476,7.59675606441306,6.664253947359175,0,8.42
7.57102103245437,8.979307446333456,3.476026527950143,5.9139384466511435,6.52702565382492,0,6.53
9.75333672118101,9.562556556122551,8.520215283532693,3.6253594788182952,8.005405855688913,1,9.39
4.992534679236923,5.762888087498227,7.527469932301326,2.201015364660495,7.058922221343665,0,5.03
6.24632490234165,4.331181579268,7.594832648289395,7.558360437536655,6.63236150942603,0,6.99
8.32993800232266,6.149224377818447,8.840460368322612,7.1214972552327005,7.884756024590254,0,7.68
4.501149361962298,4.663129594398139,6.140275345614366,5.134989205125693,8.338210851442547,0,5.47
7.507297696637185,3.513431359103454,9.871646870086629,7.544691471029203,8.635645476557158,0,7.93
6.6244283775625625,8.155463435606402,8.844759740200642,8.006079739102406,5.052767783121643,1,8.7
7.733204927421055,7.125637298769737,9.858650368459745,1.3459360104064786,8.188432275555076,1,7.89
6.299625503812871,7.3166990765911795,4.235668306693821,7.753608136560476,7.991959460526523,1,7.17
5.9466430336196385,3.769568620775794,6.888610665104936,6.530844184294893,5.739716200229703,1,6.53
8.803348170800312,7.7333460780840415,7.314446725552552,8.770560199653366,8.29902671690795,0,8.25
6.431826356550998,8.616339972540292,7.607535141023435,7.198562203444365,8.979075939834518,0,7.41
8.170741479260066,8.941456364758693,4.317906578672557,9.204574021439447,8.6443955187343,1,7.26
9.10561966661291,7.4574220820656345,2.850160742664256,9.753520288201965,6.600545422998444,1,7.13
5.764517165326421,9.283692976537703,7.844520834198072,3.0946157526188194,4.4644280233965015,1,7.28
4.5808840301847225,7.5330383579676035,9.841898432366683,2.393378227231141,3.6215035845200965,1,7.16
6.027420327357136,3.9298148630857197,4.302892643008334,3.316984827015972,5.718795453882113,0,4.53
5.796087060638165,6.850972874567676,7.500434191001049,7.984574931609982,6.900066315402139,1,6.59
8.855822963975426,4.719191820734636,9.746390651234048,1.7403388662495505,7.117870214477213,0,7.38
7.185972098195666,3.8922410841642687,5.681529283753143,1.3960342172616405,3.2496481750311066,0,5.89
7.519965690903069,3.821921062592514,8.04757970161366,2.7333483727141896,3.8059599171787317,1,6.1
5.9699911811524835,8.938761632409182,2.3637063786676373,6.437350291077174,4.4686847267566385,1,6.71
9.571218133945454,4.478992116053504,9.868548384439048,8.211486572488202,6.263802797432283,1,9.5
8.54421096924371,5.66857768117419,4.215759475999985,9.629698115260439,3.0708157975343764,0,7.51
9.595991980050709,5.8228021205826135,2.544659104007078,5.09631914301665,9.901659072206746,1,5.52
9.136967484847464,6.159475961786994,8.144742470393233,9.543179888413002,5.83178925298144,1,8.3
8.623687350059962,8.218501391863104,6.326648637340542,3.8874813999788502,9.226930411324926,1,7.7
5.044638668350371,8.744177808533305,2.005385563603867,3.4900933998962795,6.721449906320884,0,4.73
6.446541048880861,5.544228904843196,3.023088451944659,5.598866662396494,6.819584827546055,0,4.51
5.512425016101759,5.841683725822586,3.1301457886810056,5.590804185365373,3.3666406304130287,0,5.71
7.093288881162402,4.055928563660785,6.07491264708504,5.063903986554574,5.386597690275362,1,6.83
6.496579997453749,4.466604502412389,7.740892818807616,2.6314748012133276,9.471440997690037,0,5.77
4.637917252222337,5.1778979268673355,4.1434454336747635,1.650694928681705,5.547290625740869,0,4.07
5.90664821248483,5.804891889802986,3.643996788687766,2.53135758407774,8.582776421611657,1,4.79
9.36651955802613,6.038235274473919,8.659757623942301,7.05375302573569,7.333508686288936,1,9.06
6.431039468131768,9.78696018712002,5.142108981103492,1.597008063284715,7.920834498227948,0,6.02
5.895324254655224,9.888006331191745,7.0306299663912375,2.713218591681494,7.842932202708919,1,7.4
6.085657175027759,5.085724630214414,8.072042423222442,4.80154928849363,5.093533532847657,0,6.7
7.3681805191910925,7.015736096014006,8.29898958850233,1.658836557207029,5.55810663636526,1,6.87
4.53829957252993,9.462576049533332,3.0569748467293163,7.389017729197599,8.946888155233147,0,5.71
6.21646205479578,5.535917494243906,4.453891316619952,1.9798272994177264,7.294872123414898,1,4.42
5.0268866529281295,7.744812104908908,8.876532599151645,3.365380911227793,9.429578245667278,0,6.32
7.5300264170234605,4.556875765060342,2.014508121841386,1.4347484084499527,6.7457149132461485,0,4.12
5.013311469149711,5.185822192078799,7.567995077608114,3.5028674829384148,3.4491275288078653,0,6.03
4.14739433969204,9.101425843674264,4.992439461257012,1.2427096726612932,9.369800113147436,1,5.08
4.469444114521307,3.1511890439648913,9.13149871180677,6.3876599048924945,5.772612765670566,0,5.89
6.285475889270352,7.994760302766956,6.596491249642845,6.59790936177729,6.55713377373222,1,7.59
8.292206378286991,4.166407827181047,3.7127761235005323,7.215715064902164,9.490259148471122,0,5.78
9.373534801235696,6.373036026033285,5.835168664383345,6.562857594592903,8.438018644332946,1,6.59
9.153138929454157,5.852847665756371,5.2420319087660205,8.292035879356014,3.2615710382023244,1,7.88
6.270117621286399,3.512099715072712,3.030699581135109,8.391304249495262,7.335567592688075,1,5.82
6.396322703912563,3.850661958865107,9.269626738022312,9.43610459616949,8.479812582297933,0,7.32
9.15533945427806,6.867860614535173,5.822489130742863,2.669771908191296,7.219818155306041,0,7.59
9.784382152098296,9.792085845889805,7.9638398543656965,1.9331638615686741,8.49866151775127,1,8.96
5.936372723889067,8.396813934752284,9.786275665754308,6.195943785285079,3.946400608594161,1,7.53
7.109079157506482,5.3512205199414415,7.501362156868665,2.4300404147356467,3.983969712123219,0,6.59
8.695265430584017,9.270297208274677,9.67666722154063,7.836072775122986,8.750828613113992,1,8.93
7.595760773027634,3.444896705417545,4.188239741480714,3.197249381691235,7.312254110129434,1,5.39
5.135562537564965,9.265496656419645,8.036977401592775,2.0568047183976654,3.6665254279862665,1,7.12
8.697100049625005,4.902479822351818,8.323852188223054,7.085405072566847,3.0275072831485335,0,8.35
5.097041342215445,8.40103223009146,7.755333014729044,4.567368449598925,7.645678581950732,0,7.3
8.0117528110934,3.458340647487984,7.919919116633269,3.2111642465444725,5.781535086347091,1,7.74
8.26378892196732,6.918093465847834,5.576319365758451,1.4644927449410259,9.660875311605182,0,5.47
4.302026242295126,8.302602239776597,6.7237713533451275,3.4798428065694926,4.40438879330024,0,5.55
6.132457919331198,3.9065057192963177,5.200134815300383,1.315075462069855,5.011068150848548,0,3.86
4.543621999431029,9.624910375910797,9.408511344725488,6.603274256638577,3.963620950855013,0,7.88
6.397589248394386,3.1882883055272107,4.645464466022387,4.7113469658568015,8.26780725796288,0,4.92
4.097632402291219,9.804969862949637,4.581007928061322,5.265907316747048,9.758030632062566,1,4.74
4.522036458203654,8.971704652621366,9.509547222735698,3.6994062610506115,4.967694113894941,0,7.0
8.502242784173877,5.203281639048841,5.949056810872604,2.2593724614990487,9.391694087751608,1,5.39
7.161463986706115,5.828861628933697,6.870504350479572,6.128211264159946,3.1115469910390883,0,6.3
5.559828762899351,4.24849235365541,6.824511885016608,1.5831802414877854,7.491960037407716,1,6.04
4.208463779083462,7.2446790725197765,3.89000338273153,6.542778446024656,7.625369373771251,0,4.98
8.864659668956689,8.660715631217862,6.262757234346272,4.419915636329261,4.600246316857166,1,8.44
8.98161099712782,3.508693599264942,7.353687408137316,5.605510857607124,7.588682361397957,1,6.22
8.02737478313562,4.837376615093278,9.318009127228613,6.536296261021277,5.805350748580026,0,8.61
6.547569994953676,4.473891046000476,8.590142100052653,3.6213453553398334,3.5582178386950316,1,6.18
7.780906292756315,5.08950876674748,4.543426273780707,5.0297272962035,5.995453555017664,0,5.75
8.502152712434262,9.249773106914823,4.431496612280745,8.127675103952235,5.135838111828923,1,7.04
7.890172333809879,8.091825492425311,7.350420038906396,8.754340148406353,6.463679708753636,0,7.82
7.122194972940684,4.9292217577964035,7.950088924550216,1.329953990502179,5.436322085863303,0,5.81
5.3502444332507695,7.959728391363222,7.166870170849196,3.1826294838637774,5.732719177767992,1,6.84
9.423740249955907,8.501408929492872,5.752565972041045,4.387882745468466,8.205121679780618,0,7.6
4.566968862334225,5.527808274810914,5.687592775862028,7.850918147736024,4.571221024283302,1,6.76
9.7935535520526,7.251202442980586,7.499243304063704,8.563637492086034,4.614444323176583,0,8.77
5.241777655177791,5.956481503430275,4.500126699422981,1.0539849778379966,6.997089504673645,0,4.27
6.117317435273369,3.549640082204788,3.908226809611243,2.879702362114337,3.0945733339686057,1,5.02
8.79445716090185,8.655195716711713,3.374128306708836,3.916824522931507,3.1829654519301913,0,6.45
4.771543032927445,5.643999262772817,8.075254441870882,4.552789827226805,8.909545147659701,1,5.7
9.320844701666344,6.936981324063428,3.8461517729770582,6.720041139355102,8.239155523947058,0,6.08
4.2458631279797,4.600206528217692,3.330089955395416,3.1150736559373473,3.4981518100204037,0,4.46
9.797988550770906,6.158754468778538,2.6437251855450805,7.41016413611743,5.08375473952641,1,7.4
4.0572237662216954,4.7944849077186635,2.953218946713868,4.366717987943229,3.035232918784888,0,4.78
5.1892625742761735,7.209591897547669,3.3123116895631757,7.828044417864243,4.671840315820358,0,6.0
9.2660397708969,3.051683875781987,6.681369014089071,4.4943002334652284,8.263179390941858,0,5.92
8.810571820922181,5.268397442974958,3.5384474441533307,7.086044977895313,9.549816608800853,0,6.79
7.836451345089676,7.380513775024937,6.127044451658919,2.950384215239075,4.520216112107524,1,6.29
8.612977714024723,6.267536828896544,7.125833819917028,1.5443188543113568,3.1206036054672204,1,6.73
5.024634964756522,8.6111213226919,7.9737242011831535,9.551486920019807,4.2531066376069795,0,7.27
4.019602791064199,9.812899505752856,2.715601810431517,6.499435607964072,7.521361872005332,1,5.03
5.154994081687073,3.046934165863002,9.642862809654604,4.8563513129278455,4.759247348947968,0,6.43
8.223541046669165,4.096969809385695,7.3223129612107964,9.196312168314275,4.731450235070129,0,6.81
6.9440112182476605,8.105832512554702,9.244164900043524,6.060474740804098,7.838817641089528,0,7.17
8.47118616846166,4.229145335464729,9.95368039617749,6.962198213941675,8.22707959810235,0,7.06
9.599300292876759,8.181372895690458,2.0507502387686802,1.5362457303447394,6.832157461059831,0,6.35
8.301495422421077,6.656791403405848,2.101352520511268,2.708297041950746,5.162102708698219,1,5.97
6.70615501464281,9.297808007777437,3.259866370569436,4.324081027268711,3.9391260213295523,1,6.34
6.72002286930783,4.674107843820917,8.059484799752731,2.168057698436959,8.08346019282542,0,6.55
4.511138856359374,9.52590151818311,4.255114537715505,5.156703720700707,6.61932243163119,0,5.26
6.908288054199293,7.427025389160019,4.317417226633333,6.203446547354521,3.2590364719746816,0,5.93
8.878630878432764,8.622529652351911,8.24752637813425,5.401396937317916,9.541686554898504,1,8.41
7.587016984492164,4.388025174992995,3.8243022307492547,7.148663872068697,4.71078344021327,1,6.12
7.2561853121175695,9.349186136784837,4.928421917958574,5.071442625600493,7.3310020949186345,0,6.27
5.171925891242751,3.141626476302882,8.863137975439022,3.2776383092622523,5.249175886550731,0,6.05
6.725474414446936,5.521110548232522,9.992837108423428,5.570473147826638,7.256598292212557,1,7.75
8.998475375368496,6.244309952227179,4.176599502383029,4.174320106392319,9.100197716210998,1,6.78
6.3629003095549335,8.317152460957118,4.093677699860535,6.27267076335392,6.00192077233992,1,6.6
6.1845478045719915,9.232529429957644,5.622082459101889,3.625961548377018,6.60424047910854,1,5.98
4.36206133457087,6.875387435191498,6.130759678210414,9.789047096614675,3.2302472832192186,1,7.34
8.419544847699413,9.610784175588357,5.433192066398811,5.97573104324943,6.764157792920819,1,7.52
4.5555651351769795,6.524554566690332,6.617015789445521,6.324244739375603,9.14634811500654,1,5.4
5.955278977276149,7.749297676343185,3.837408321417712,2.0598448533551297,8.760781849191641,0,4.65
6.047619588929264,4.034198044654362,4.021945734183003,4.359930370417279,3.655483093660626,0,5.16
8.477186376247491,5.886865132565297,8.225467741446579,3.4249855673787692,3.7962971325614525,1,8.05
7.584768409238285,8.236209017470827,5.5185458806002465,5.426858907717954,4.677076222415246,1,6.3
8.534447990991215,6.231109814183217,9.473966768684186,9.566746698831768,3.163865758821937,1,8.64
7.2663264065165345,3.2827408187235085,7.597237886737252,9.485932047567253,8.728817253293176,1,7.18
6.07581916288594,3.634420821562632,8.500727173705076,7.743877905654822,3.7124637630822233,1,6.81
8.839115763817286,7.926979076656162,7.046914094154643,7.7947023173131305,6.855955165877893,0,7.6
6.834656879722036,5.548167633428257,9.746058113617337,6.07027096033863,4.352017462295899,1,8.45
9.751860080288356,4.065172712870099,3.353302391169983,7.953575437350094,9.788692075008791,1,6.05
4.6013219198643,8.578201768236772,6.119781151262915,3.933676070215313,8.416102781538719,0,6.66
7.5980052612629585,4.479594416908476,8.781949618005974,6.000197050266019,9.918469412403699,0,7.04
9.047950979909396,3.464015535700357,2.715196833846285,8.09972553375232,7.068994146825485,1,6.35
8.643635693032714,4.058923397991405,8.417755933221411,2.853991350210065,3.8763770557344808,1,7.6
9.008519941886892,5.588613932629137,7.0361723349096,5.7737895291155406,5.464739219402521,1,8.3
4.64521257721455,9.756354774580698,3.0564166995219146,2.3638011671721504,9.825361530655822,1,5.39
7.996377658651704,6.970222694543247,2.9670971817664027,3.139877836375664,5.974964613811822,1,5.73
8.593863707692941,3.614429409337368,5.045068908193924,5.4754218981630025,3.3296914925877066,1,6.62
6.519053460905236,8.223102412832695,2.3253201034736533,9.410807957135697,8.31362576314371,0,6.68
8.137716740447383,4.061154949305495,5.452075635427548,5.04080516359298,4.6725894768264356,1,6.37
9.236293524974293,8.07186235967469,9.696002744304884,9.598346584032688,9.913551204133633,0,9.37
8.778678834465744,8.181717776053231,6.091817303000234,8.325420455203215,4.086519725992819,0,8.27
5.945229304124213,8.082930944423515,7.579877805612422,5.025163395941195,6.2878725324539415,0,6.92
5.964693062196794,9.286397967804042,6.981500253629053,9.572401308522098,4.84105430841895,0,7.38
5.5834744036743045,3.244851990925264,6.198217316386056,8.898063931062236,9.057581760045416,1,6.47
5.316092388259854,5.121869372675672,8.970460117823578,8.546267674131117,6.275731266528757,1,7.11
8.107705558780896,7.261035113156976,4.687438329984228,4.921844249080443,5.2042091217079705,0,6.47
8.52216308836282,4.258384209520456,7.062246517650956,4.671528227037252,8.290934561555176,0,6.94
8.652130421254121,8.736052803005105,5.831123768068853,9.829343708985181,6.0326518179982624,0,7.97
4.046863584867854,6.12712286889902,7.494974693466319,7.735137084089236,9.88417688702449,0,6.33
9.752348100233576,9.06582545074403,7.311231313121857,6.558700370817548,6.730898548704243,1,8.25
4.2350206586211385,9.70815390825352,6.329439400865863,2.183931524953362,6.599834084521598,1,6.42
4.0162410682451,3.134664822777646,9.364248146672857,9.81371735699548,6.433046844090942,1,6.06
5.997122052209674,5.099317866574588,7.3084304808531275,9.572974112566182,9.802925480804383,0,6.16
5.215285140372219,4.574672212205974,8.477670022538753,6.867962662371556,3.9590298847045657,1,7.35
8.056041278863248,3.3737188736789907,2.0179500223426645,9.75779662437127,9.630186546535379,0,5.83
8.45623106927721,6.944407138038228,8.018080889069383,8.46190349059498,4.336408329464288,1,7.76
5.248427920522202,3.9169158996095947,8.265088696770675,6.951874398222148,7.414673785250163,1,7.23
8.992169174704433,5.288425265596732,6.862314279265311,9.718300488177285,5.972312102261406,1,8.27
5.285491601817682,9.844017703437006,9.755734368758581,1.270879710431044,3.2983901639528392,0,7.77
5.478899798807086,5.504535220061955,3.863527509023342,1.0371217567241007,4.0762922793126615,1,5.48
7.144250514221687,7.060095211866284,4.554306374580345,7.067586150149881,8.8547595437855,0,6.54
7.502773591088228,6.641763747194929,3.417871842067048,2.5622354657134445,9.200346861114475,1,5.39
6.04383425461133,5.064947685042146,5.725931031507707,9.599163508723581,5.226513196283067,1,7.42
9.462334387709998,7.547477315348415,4.698374283249906,7.182739156564037,7.827121701120996,0,7.13
9.569349829874248,4.977862693693388,3.1097799813032863,9.012449692702502,6.16180039831576,0,7.1
7.659673330556013,5.517100841659732,6.357381662543779,9.631036804001385,3.1801466563419996,1,8.02
5.644369448020508,9.228308401778865,8.718918200436082,1.2997204698669873,4.846065790883932,1,7.05
9.647393685496219,6.2917483255016435,5.611663729292469,7.344480744501121,4.515141789263297,0,7.58
9.729762494001282,9.351061146197152,7.741346573524092,8.746838524199102,5.949079231220143,1,8.48
4.308793788395609,8.453154720217032,7.253809812406378,7.801649391242711,5.051300253794608,1,6.86
7.8746346805910195,9.283192321007071,7.621906282173187,8.764155448132136,7.402835676846537,1,8.61
5.186973175746714,8.834169589079771,2.4464230721119735,5.2734465566266895,9.116513146196805,1,5.25
5.812204800008742,7.5480439186622315,9.103782626321927,1.6474871731161311,4.338334425536825,0,6.69
7.271093816498359,4.9134363149688935,9.302042422534043,2.880385696574005,7.836329531248645,1,7.65
5.339603348662537,3.3333664783635104,2.1450161953583446,8.859855602424764,9.80151290378258,1,5.29
6.717499827830066,3.6447140915438685,5.958804031339258,8.491341401288107,7.411476134134645,0,6.26
6.650594402579914,9.57496712179071,7.836136372929452,2.4525618176002437,3.4785858989388796,1,7.8
4.0287274492373495,3.242810841676006,9.888868358498517,2.397817244257947,3.978687948603529,1,6.19
7.161792970660365,6.745252893168862,4.4041248616792,1.8275754110545224,6.299774237231573,0,6.01
5.1359794535773675,9.798570009677974,5.5099056701319,6.375395334938514,6.376586882699279,0,6.29
5.159700921612874,9.172071592453587,9.6603689659803,2.394596622441566,3.5948071879955905,0,7.11
6.3090159514199,4.0191257773257565,3.5556512333631005,7.636746969141626,5.269791287434446,1,5.36
5.268343196316316,6.794906213534353,5.733185392382797,7.65474325916951,9.499217124120705,1,7.18
8.814465388685562,9.232260224630254,6.4473930230332455,6.80844675235824,8.876720183290669,0,7.65
5.009503189175491,5.56913248204571,8.669161550979974,8.525978092802347,6.602149514674872,0,6.09
4.585399370947211,4.538872234755257,6.96608993075414,8.243702001765925,9.33748200345485,1,5.33
7.68869636545471,9.359211609812265,2.1138334413501285,4.136116020409305,4.863781369471014,1,5.97
8.074584784722013,6.774659766105503,7.6932946915552884,6.708421321984935,3.644912084648203,1,8.36
9.477475820186164,9.250245973110774,5.879934810727426,2.295992582041616,8.750206678403494,1,6.68
5.370418325561415,4.75688493162451,6.067021425183609,2.9682478371949657,6.389717364350405,0,4.67
8.119788661380682,5.48736115237528,7.229074110679151,2.018549860760542,6.490315221390393,0,6.62
7.552845530877195,6.3724822034705415,8.222974301951112,2.814662567290649,5.892241156329181,1,7.31
6.2508056772128535,7.578315689772765,2.1765097952675934,8.399838835050275,7.256976884133064,0,6.14
6.289330411693705,5.106167104434173,8.596896938258467,6.357215848646989,3.176083450520436,1,7.25
8.20307582807757,9.481822609826905,5.951957271402725,6.788938939245282,4.577365977083915,0,8.03
7.889009765953953,9.384845413296095,7.563827156476785,2.459035605281301,3.4404053575307865,1,7.27
4.778800972023787,3.068192631041434,4.053328391124081,2.8447180082384733,7.8482146826423005,0,3.16
5.308124418778981,4.8191314593547006,9.851660470182669,7.6524826183141,6.576663801655242,0,6.99
6.926390972322833,4.129365827159034,6.700245984132845,1.891275408449375,7.718245115293092,1,6.17
7.689782458872882,7.887200251442534,9.433579137057809,8.517372874089105,3.9421900615137213,0,9.34
5.418126789084749,7.674360961051793,2.99786779863524,7.034357192330419,8.013066825476807,0,4.33
5.3577221817075,5.400979782596839,3.8723639464886697,6.59267147342353,4.520301633465491,1,5.41
4.988286385060837,3.454940317895998,2.961515556992346,8.08339812918189,5.422382768547959,1,5.28
7.023826475451804,3.522227039527696,4.202990114014702,3.349152687361629,6.932251424976885,0,4.91
4.640216673814414,3.3549131382616064,4.392615169923401,5.140859288380361,3.301078374213961,0,4.52
5.14752355750664,7.102326305285221,9.560251469922378,7.534662353853181,5.958588993858326,1,8.13
9.352235705944727,9.097422819653147,8.256698414118002,1.000282510402162,8.101794533061398,0,8.21
8.061331217608586,5.105956492168609,6.408786456073977,9.29084996679157,8.918437470700042,1,6.4
8.889535453448655,3.7616563136738597,3.0723293083062853,6.714986138919903,8.752137681670884,0,6.09
5.698086354075983,7.466836507035891,8.37666858510823,6.65484484846712,9.19744769945078,0,7.22
6.1275445303359835,8.552880425429738,9.329308928350525,6.417429449786849,4.221007097255881,0,7.71
4.15757326499171,4.43982016611705,5.134940941430506,8.178009458154783,8.813767380521426,1,4.68
5.9046129135863605,6.280152354646526,6.375772028637075,5.660614268995579,8.602701620518406,0,6.73
7.420328181986809,3.8722711863759343,5.846878453884459,7.070126309444213,7.258701445677323,0,5.99
8.285762378544042,4.4627360483332845,6.888492960575365,8.968454377954405,5.701157039066793,1,7.16
9.07081698800646,3.8545991017136387,5.5705653286852215,9.971472461676173,8.069728916532364,1,6.59
6.53242241231016,6.024740754589843,5.371212232488543,3.102910965688341,5.731046144741473,1,6.82
7.519031977717113,6.271357350123584,2.36547771111763,6.2452684005700805,8.478953233870005,1,5.32
5.92539406925098,3.5025099217579205,2.5900727882598815,4.673074465704913,5.659963904193818,1,4.58
9.738420818798142,4.565312798840374,7.459393208429666,1.9283241957971633,6.5033437199338815,0,7.47
7.92370902314064,9.696123150268216,9.489024677254022,3.4288000983438156,7.303217694504525,0,7.75
7.066495819790046,3.1509620649203476,6.623565078154364,4.3939343436578975,3.3321286190465105,0,5.86
6.4670390421457755,3.068710367260465,4.912286236782098,6.99960076868982,7.803017031155153,0,4.66
8.813235946726081,4.906139457130003,6.3178998262453,8.327762675457032,8.440716771334383,0,7.31
9.660735713826776,6.803198904439785,9.328824960168351,8.714313299592853,8.002961850798687,0,8.21
7.981552288589472,9.853047201563257,2.10946628447188,8.007562932147955,5.23686641932194,0,7.33
6.790899338168881,6.806251261777836,6.947059953540526,4.781959930938984,3.6602308300421775,0,7.17
9.549097115109491,3.0776164953286784,7.116961198796159,6.35740629824626,3.3407961249261096,1,6.78
6.352080143382985,9.09805918568641,9.61277655130506,2.171621612451575,5.7544369879416095,0,7.97
9.44299321942044,9.624437162987729,9.616173516449788,4.862953232824469,5.0356127493757175,0,9.09
8.613005452251572,8.53603403058608,5.003885758054423,8.484537932169896,4.821265528779708,0,7.1
7.042697514158323,8.418798704302723,3.9785953879133835,8.486641682890786,8.086241667171414,1,6.92
5.681701438153784,3.420506554900315,6.3183105414788665,4.271424767418773,3.187606469688371,1,5.85
9.235541567862485,4.211509658327251,9.1440008205836,8.890148458424942,4.702980477086558,1,8.82
5.203786713479012,5.895056304080395,6.943812813301775,8.402807498930915,7.936179723766278,0,5.69
5.41560458682331,6.713447129533919,6.440188200770664,7.58535884162976,9.452479884231852,0,5.28
5.262360398084902,3.0869871347862343,2.4902351395459155,6.904900961714583,9.104945606321555,1,4.67
9.728614154592755,7.5209679947999035,2.591367242329439,6.713094624719917,5.445188022457983,1,6.53
6.968835890297148,6.308346792224645,3.930882926353954,3.8799459632403006,3.296518741152566,1,6.67
5.862205938751624,7.235719411729473,3.810677492632811,4.168171555350067,4.608781723605492,0,5.14
8.834467024288529,7.0745021942911865,9.309570315449532,6.01270587466138,7.393815727261677,0,8.67
7.272491874726894,9.25515856043279,6.9870884021020965,9.390349304010446,5.6923191849175945,0,7.96
4.91251753606638,3.2241865538268817,5.03930903120775,1.4374852451968652,7.422018748916855,1,4.72
6.925962163175306,3.8194452921211712,2.9549817889772747,3.8378279442390757,8.225673934573283,1,4.25
9.609126846939045,3.985252441411654,7.371954802009763,3.848306270085106,4.198154090613015,0,6.45
5.413781446485866,3.163688298388698,4.615791316960903,1.1191277717639514,8.774653393232686,1,4.23
5.784226462849395,5.686600963463446,6.915728224423044,8.133162941488202,7.666117075503967,1,6.48
9.681544888249093,7.791850145259888,2.67988423884419,7.596443168911371,7.950937962676666,1,6.29
5.587175581129035,8.141716858948012,5.613081432655317,6.624353150557721,7.256285545261452,0,6.32
4.4183693819945296,6.869833207759541,5.576255539637148,6.680638754831596,7.856662428250253,0,5.09
4.791920029992971,4.472162358207261,4.54352136495886,9.406286827832304,5.888873128843823,0,5.42
8.988334227464778,3.3974090794483063,2.854404455072191,5.048089288814006,4.921955143127905,0,4.86
7.951188687726061,4.533472179563507,6.020438100845768,6.1611301016257745,8.722752275548505,0,6.0
5.992750838744803,8.709748404380893,6.291950027784016,2.728714595077045,3.843699212071744,0,6.31
6.99915020013562,7.143102086217658,5.9930247254458004,3.2088083802392076,8.843897296504974,1,6.18
7.6267132718419965,8.086016744460824,5.790521457958096,3.29671758160372,8.048877255211682,0,5.56
6.433205315209414,9.885392545518094,4.276850091064157,5.258066885853276,8.124453225196035,1,6.84
7.515551371975107,9.167050664084812,3.7906569866453443,2.463777381535272,5.97740203536687,0,5.99
7.885066084660366,5.552410362247091,5.6260043239045965,3.1219109255228137,8.68433605108451,0,6.52
4.9464361031635935,4.680214848581702,7.14829349751331,8.596638502051306,5.012691769612089,0,7.04
4.5291909961146315,6.296664925117208,5.408362805723237,7.4978063861200805,3.656624176183251,0,5.96
4.402683800853149,8.842358084658722,3.3640924805708083,2.044081592817784,6.770787374801536,0,4.49
8.846915211274117,8.703724297037066,8.243853895058248,9.033016615831876,9.415783851778295,0,9.59
4.378410287427408,8.623511069224605,7.743152939765019,4.55713628271797,5.746682954401768,1,7.15
7.950921062161143,9.2213157395209,9.010866707853928,3.107149786402124,9.152663896037502,0,8.02
5.496661153644833,7.3970400654712245,6.343026461497421,6.7794143717255935,5.747828542574894,1,7.16
4.734658141616367,7.122848203895342,3.002770477843499,9.483771200876129,6.9961267631413255,1,5.71
4.920669924700619,9.191423132816233,7.618141955212936,6.158274541183557,8.33053732837735,1,7.6
4.908069314770528,3.2133416033409943,7.4068644100933,9.915511005919603,5.200917057021773,1,6.52
5.873086757871838,7.789164753370975,3.095461013843729,5.931472878076351,3.3202557909811627,1,5.88
6.074648800826616,9.297299334680432,9.812973662908014,6.465556417886655,7.523959510363022,0,6.92
9.12828878714421,3.3419909077456103,8.55306454407284,2.7664460841997505,7.720462542883489,1,6.43
8.337020800380568,5.568004747900076,9.081917793180853,6.384654285193605,6.144442553786531,1,7.36
6.232794510071342,6.279221555147516,4.514832633163309,4.06379043469528,6.4718441788402625,1,5.23
4.861240414884335,7.473895691449185,8.567626341987285,8.40416209139692,5.71673314333439,1,7.49
9.23196371613589,7.210192057643689,3.917314913065959,8.987982672110487,5.660549050372651,1,7.52
9.213230194370931,6.871602892863576,6.060844258855144,3.6809381725732284,8.020062778119069,0,6.68
7.120884184813107,4.280962939721662,8.059077094647868,7.761086740618829,8.716194971237087,0,7.2
8.407555205479945,5.202683660773565,6.1841026131465755,9.130381977530638,5.117765876920202,1,7.46
8.973285355712925,7.8077674380802105,7.218263686871216,2.033269940850735,5.072911042890404,1,7.39
5.8556090332602535,5.638316979588244,9.158808872538902,5.328153521362101,4.551980251577756,0,6.47
5.683847718497911,7.20111351828545,5.4394711984403585,3.694619212642145,5.464656251591618,0,5.82
8.70662265470046,3.2147362796238426,4.393918829184381,9.987687035483399,6.322435165017517,0,7.12
8.0589871736226,4.942389461954228,2.1280815480479642,3.6620439628264134,5.716643412049225,1,5.86
6.520068931203962,5.677775013598463,4.21597908038216,1.3732552900085295,5.341971147203124,0,5.31
6.774244331858156,7.818840789418816,4.41934592486018,9.37406969443847,4.169999736038359,0,6.33
8.116275268715409,3.3525332784614785,6.862353862203257,9.288772208192261,4.3005626495076426,0,7.14
7.05057574016195,9.519147732423288,5.308313855463502,7.411680462431052,7.632436911100721,1,6.7
5.1414311482579835,8.820030862860099,6.1679969784061175,2.3941121536856125,6.345182250355023,0,6.12
6.693242604593722,9.503576606085854,7.38015238313275,9.39499810614663,3.7379904315971446,0,8.97
9.381991708003376,3.0135657893800047,3.7428991130092415,2.2253202680104334,4.80636901585796,1,5.18
8.730559305463196,7.220996663098196,9.587672919092297,8.022124773727985,8.958720088458634,1,8.76
7.805960125678695,6.790983139262068,4.818376118007835,6.541332440749959,6.783659484340765,0,6.98
4.289779521136584,4.997702346146472,8.063153007108088,9.916297151557508,7.026949736554428,0,7.23
8.78748731146063,7.269784199499059,5.703098682242579,2.1180743924897207,5.794353036486207,1,7.5
5.225294934755876,9.707486000340552,2.189652169276698,3.525645787822064,7.192467691466649,0,4.76
7.064777656174744,5.856611809149923,7.843402428753277,9.424879372923364,9.296532267962872,0,7.46
7.469108420496891,9.457994898118997,6.92098050361393,8.708417138438273,3.470511267141826,0,7.52
6.2837194304184845,9.741188190829911,6.505784309911706,7.481110106918209,4.919682292960997,0,7.11
5.194187586253468,7.21609779193628,2.1973581547756913,7.2745393860973,8.228435738411708,0,4.89
7.374830867430165,9.515865425609622,4.280631042789867,3.369012889988078,3.85239680105659,0,6.51
8.87436460707394,3.768325147456171,5.937516852859702,7.47660322537315,4.078306527677124,0,6.91
4.1689700378075205,8.892191935152356,9.0896374451561,2.659027434631223,6.9504899914644085,1,6.96
8.431564805439669,5.828336369958547,3.3343209791895987,3.5749477507999545,7.189982945445546,1,6.8
9.023516533493279,6.736044889205447,8.306050581829442,2.8393034951955904,6.598788780011323,0,7.55
4.820126947432653,5.2553057610443545,5.589904865847182,7.378467466453355,5.2788789301271715,0,5.16
7.059957383651984,6.60709622712713,8.084672488148591,3.8115942980129756,8.287635404770256,0,7.21
7.670251614024361,5.630710808977775,7.794221545421934,8.688727049917102,3.3704882270152448,1,7.96
4.25534753712188,4.89579967005356,9.695963614822194,7.714966571016341,5.989423504506231,1,7.4
5.30202319079066,4.742481032552821,2.528943523820784,6.755767579034564,8.971365996543415,0,4.87
